"deque([[0.0, 0.0, 0.017, 0.0], [0.0, 0.0, 0.02, 0.0]])",1,1.0,"deque([[4.59, -90.9, 0.017, 1.0], [4.3, -85.63, 0.017, 0.0]])",False
"deque([[0.01, -0.16, 0.017, 0.0], [0.0, 0.0, 0.017, 0.0]])",1,0.9982222222222222,"deque([[4.59, -90.9, 0.017, 1.0], [4.3, -85.63, 0.017, 0.0]])",False
"deque([[0.04, -0.78, 0.03, 0.0], [0.01, -0.16, 0.017, 0.0]])",1,0.9913333333333333,"deque([[4.59, -90.9, 0.017, 1.0], [4.3, -85.63, 0.017, 0.0]])",False
"deque([[0.06, -1.25, 0.017, 0.0], [0.04, -0.78, 0.03, 0.0]])",1,0.9861111111111112,"deque([[4.59, -90.9, 0.017, 1.0], [4.3, -85.63, 0.017, 0.0]])",False
"deque([[0.06, -1.25, 0.017, 0.0], [0.06, -1.25, 0.017, 0.0]])",1,0.9861111111111112,"deque([[4.59, -90.9, 0.017, 1.0], [4.3, -85.63, 0.017, 0.0]])",False
"deque([[0.1, -2.04, 0.017, 0.0], [0.06, -1.25, 0.017, 0.0]])",1,0.9773333333333334,"deque([[4.59, -90.9, 0.017, 1.0], [4.3, -85.63, 0.017, 0.0]])",False
"deque([[0.15, -2.98, 0.017, 0.0], [0.1, -2.04, 0.017, 0.0]])",1,0.9668888888888889,"deque([[4.59, -90.9, 0.017, 1.0], [4.3, -85.63, 0.017, 0.0]])",False
"deque([[0.21, -4.08, 0.017, 0.0], [0.15, -2.98, 0.017, 0.0]])",1,0.9546666666666667,"deque([[4.59, -90.9, 0.017, 1.0], [4.3, -85.63, 0.017, 0.0]])",False
"deque([[0.27, -5.34, 0.017, 0.0], [0.21, -4.08, 0.017, 0.0]])",1,0.9406666666666667,"deque([[4.59, -90.9, 0.017, 1.0], [4.3, -85.63, 0.017, 0.0]])",False
"deque([[0.34, -6.76, 0.017, 0.0], [0.27, -5.34, 0.017, 0.0]])",1,0.9248888888888889,"deque([[4.59, -90.9, 0.017, 1.0], [4.3, -85.63, 0.017, 0.0]])",False
"deque([[0.34, -6.76, 0.017, 0.0], [0.34, -6.76, 0.017, 0.0]])",1,0.9248888888888889,"deque([[4.59, -90.9, 0.017, 1.0], [4.3, -85.63, 0.017, 0.0]])",False
"deque([[0.43, -8.51, 0.017, 0.0], [0.34, -6.76, 0.017, 0.0]])",1,0.9054444444444445,"deque([[4.59, -90.9, 0.017, 1.0], [4.3, -85.63, 0.017, 0.0]])",False
"deque([[0.53, -10.41, 0.017, 0.0], [0.43, -8.51, 0.017, 0.0]])",1,0.8843333333333333,"deque([[4.59, -90.9, 0.017, 1.0], [4.3, -85.63, 0.017, 0.0]])",False
"deque([[0.63, -12.49, 0.017, 0.0], [0.53, -10.41, 0.017, 0.0]])",1,0.8612222222222222,"deque([[4.59, -90.9, 0.017, 1.0], [4.3, -85.63, 0.017, 0.0]])",False
"deque([[0.74, -14.73, 0.017, 0.0], [0.63, -12.49, 0.017, 0.0]])",1,0.8363333333333334,"deque([[4.59, -90.9, 0.017, 1.0], [4.3, -85.63, 0.017, 0.0]])",False
"deque([[0.86, -17.14, 0.017, 0.0], [0.74, -14.73, 0.017, 0.0]])",1,0.8095555555555556,"deque([[4.59, -90.9, 0.017, 1.0], [4.3, -85.63, 0.017, 0.0]])",False
"deque([[0.86, -17.14, 0.017, 0.0], [0.86, -17.14, 0.017, 0.0]])",1,0.8095555555555556,"deque([[4.59, -90.9, 0.017, 1.0], [4.3, -85.63, 0.017, 0.0]])",False
"deque([[1.0, -19.87, 0.017, 0.0], [0.86, -17.14, 0.017, 0.0]])",1,0.7792222222222223,"deque([[4.59, -90.9, 0.017, 1.0], [4.3, -85.63, 0.017, 0.0]])",False
"deque([[1.14, -22.76, 0.017, 0.0], [1.0, -19.87, 0.017, 0.0]])",1,0.7471111111111111,"deque([[4.59, -90.9, 0.017, 1.0], [4.3, -85.63, 0.017, 0.0]])",False
"deque([[1.3, -25.83, 0.017, 0.0], [1.14, -22.76, 0.017, 0.0]])",1,0.7130000000000001,"deque([[4.59, -90.9, 0.017, 1.0], [4.3, -85.63, 0.017, 0.0]])",False
"deque([[1.46, -29.07, 0.017, 0.0], [1.3, -25.83, 0.017, 0.0]])",1,0.677,"deque([[4.59, -90.9, 0.017, 1.0], [4.3, -85.63, 0.017, 0.0]])",False
"deque([[1.62, -32.48, 0.017, 0.0], [1.46, -29.07, 0.017, 0.0]])",3,0.6391111111111112,"deque([[4.59, -90.9, 0.017, 1.0], [4.3, -85.63, 0.017, 0.0]])",False
"deque([[1.79, -35.92, 0.017, 0.0], [1.62, -32.48, 0.017, 0.0]])",1,0.6008888888888888,"deque([[4.59, -90.9, 0.017, 1.0], [4.3, -85.63, 0.017, 0.0]])",False
"deque([[1.79, -35.92, 0.017, 0.0], [1.79, -35.92, 0.017, 0.0]])",1,0.6008888888888888,"deque([[4.59, -90.9, 0.017, 1.0], [4.3, -85.63, 0.017, 0.0]])",False
"deque([[1.98, -39.67, 0.017, 0.0], [1.79, -35.92, 0.017, 0.0]])",1,0.5592222222222222,"deque([[4.59, -90.9, 0.017, 1.0], [4.3, -85.63, 0.017, 0.0]])",False
"deque([[2.17, -43.57, 0.017, 0.0], [1.98, -39.67, 0.017, 0.0]])",1,0.5158888888888888,"deque([[4.59, -90.9, 0.017, 1.0], [4.3, -85.63, 0.017, 0.0]])",False
"deque([[2.37, -47.63, 0.017, 0.0], [2.17, -43.57, 0.017, 0.0]])",1,0.47077777777777774,"deque([[4.59, -90.9, 0.017, 1.0], [4.3, -85.63, 0.017, 0.0]])",False
"deque([[2.58, -51.85, 0.017, 0.0], [2.37, -47.63, 0.017, 0.0]])",1,0.42388888888888887,"deque([[4.59, -90.9, 0.017, 1.0], [4.3, -85.63, 0.017, 0.0]])",False
"deque([[2.79, -56.22, 0.017, 0.0], [2.58, -51.85, 0.017, 0.0]])",1,0.3753333333333333,"deque([[4.59, -90.9, 0.017, 1.0], [4.3, -85.63, 0.017, 0.0]])",False
"deque([[2.79, -56.22, 0.017, 0.0], [2.79, -56.22, 0.017, 0.0]])",1,0.3753333333333333,"deque([[4.59, -90.9, 0.017, 1.0], [4.3, -85.63, 0.017, 0.0]])",False
"deque([[3.02, -60.82, 0.017, 0.0], [2.79, -56.22, 0.017, 0.0]])",1,0.3242222222222222,"deque([[4.59, -90.9, 0.017, 1.0], [4.3, -85.63, 0.017, 0.0]])",False
"deque([[3.26, -65.54, 0.017, 0.0], [3.02, -60.82, 0.017, 0.0]])",1,0.2717777777777777,"deque([[4.59, -90.9, 0.017, 1.0], [4.3, -85.63, 0.017, 0.0]])",False
"deque([[3.51, -70.4, 0.017, 0.0], [3.26, -65.54, 0.017, 0.0]])",1,0.21777777777777774,"deque([[4.59, -90.9, 0.017, 1.0], [4.3, -85.63, 0.017, 0.0]])",False
"deque([[3.77, -75.37, 0.017, 0.0], [3.51, -70.4, 0.017, 0.0]])",1,0.16255555555555545,"deque([[4.59, -90.9, 0.017, 1.0], [4.3, -85.63, 0.017, 0.0]])",False
"deque([[4.03, -80.46, 0.017, 0.0], [3.77, -75.37, 0.017, 0.0]])",1,0.1060000000000001,"deque([[4.59, -90.9, 0.017, 1.0], [4.3, -85.63, 0.017, 0.0]])",False
"deque([[4.3, -85.63, 0.017, 0.0], [4.03, -80.46, 0.017, 0.0]])",1,0.048555555555555574,"deque([[4.59, -90.9, 0.017, 1.0], [4.3, -85.63, 0.017, 0.0]])",False
"deque([[4.3, -85.63, 0.017, 0.0], [4.3, -85.63, 0.017, 0.0]])",1,0.048555555555555574,"deque([[4.59, -90.9, 0.017, 1.0], [4.3, -85.63, 0.017, 0.0]])",False
"deque([[4.59, -90.9, 0.017, 1.0], [4.3, -85.63, 0.017, 0.0]])",1,-0.010000000000000009,"deque([[4.59, -90.9, 0.017, 1.0], [4.3, -85.63, 0.017, 0.0]])",True
"deque([[0.0, 0.0, 0.017, 0.0], [0.0, 0.0, 0.017, 0.0]])",1,1.0,"deque([[4.67, -93.02, 0.017, 1.0], [4.41, -87.76, 0.017, 0.0]])",False
"deque([[0.01, -0.16, 0.017, 0.0], [0.0, 0.0, 0.017, 0.0]])",1,0.9982222222222222,"deque([[4.67, -93.02, 0.017, 1.0], [4.41, -87.76, 0.017, 0.0]])",False
"deque([[0.01, -0.16, 0.017, 0.0], [0.01, -0.16, 0.017, 0.0]])",1,0.9982222222222222,"deque([[4.67, -93.02, 0.017, 1.0], [4.41, -87.76, 0.017, 0.0]])",False
"deque([[0.03, -0.62, 0.017, 0.0], [0.01, -0.16, 0.017, 0.0]])",1,0.9931111111111111,"deque([[4.67, -93.02, 0.017, 1.0], [4.41, -87.76, 0.017, 0.0]])",False
"deque([[0.06, -1.25, 0.017, 0.0], [0.03, -0.62, 0.017, 0.0]])",1,0.9861111111111112,"deque([[4.67, -93.02, 0.017, 1.0], [4.41, -87.76, 0.017, 0.0]])",False
"deque([[0.1, -2.03, 0.017, 0.0], [0.06, -1.25, 0.017, 0.0]])",1,0.9774444444444444,"deque([[4.67, -93.02, 0.017, 1.0], [4.41, -87.76, 0.017, 0.0]])",False
"deque([[0.15, -2.97, 0.017, 0.0], [0.1, -2.03, 0.017, 0.0]])",1,0.967,"deque([[4.67, -93.02, 0.017, 1.0], [4.41, -87.76, 0.017, 0.0]])",False
"deque([[0.21, -4.07, 0.017, 0.0], [0.15, -2.97, 0.017, 0.0]])",1,0.9547777777777777,"deque([[4.67, -93.02, 0.017, 1.0], [4.41, -87.76, 0.017, 0.0]])",False
"deque([[0.21, -4.07, 0.017, 0.0], [0.21, -4.07, 0.017, 0.0]])",1,0.9547777777777777,"deque([[4.67, -93.02, 0.017, 1.0], [4.41, -87.76, 0.017, 0.0]])",False
"deque([[0.28, -5.49, 0.017, 0.0], [0.21, -4.07, 0.017, 0.0]])",1,0.939,"deque([[4.67, -93.02, 0.017, 1.0], [4.41, -87.76, 0.017, 0.0]])",False
"deque([[0.36, -7.07, 0.017, 0.0], [0.28, -5.49, 0.017, 0.0]])",1,0.9214444444444444,"deque([[4.67, -93.02, 0.017, 1.0], [4.41, -87.76, 0.017, 0.0]])",False
"deque([[0.45, -8.81, 0.017, 0.0], [0.36, -7.07, 0.017, 0.0]])",1,0.9021111111111111,"deque([[4.67, -93.02, 0.017, 1.0], [4.41, -87.76, 0.017, 0.0]])",False
"deque([[0.54, -10.72, 0.017, 0.0], [0.45, -8.81, 0.017, 0.0]])",1,0.8808888888888888,"deque([[4.67, -93.02, 0.017, 1.0], [4.41, -87.76, 0.017, 0.0]])",False
"deque([[0.65, -12.79, 0.017, 0.0], [0.54, -10.72, 0.017, 0.0]])",1,0.8578888888888889,"deque([[4.67, -93.02, 0.017, 1.0], [4.41, -87.76, 0.017, 0.0]])",False
"deque([[0.65, -12.79, 0.017, 0.0], [0.65, -12.79, 0.017, 0.0]])",1,0.8578888888888889,"deque([[4.67, -93.02, 0.017, 1.0], [4.41, -87.76, 0.017, 0.0]])",False
"deque([[0.77, -15.19, 0.017, 0.0], [0.65, -12.79, 0.017, 0.0]])",1,0.8312222222222222,"deque([[4.67, -93.02, 0.017, 1.0], [4.41, -87.76, 0.017, 0.0]])",False
"deque([[0.9, -17.75, 0.017, 0.0], [0.77, -15.19, 0.017, 0.0]])",1,0.8027777777777778,"deque([[4.67, -93.02, 0.017, 1.0], [4.41, -87.76, 0.017, 0.0]])",False
"deque([[1.03, -20.48, 0.017, 0.0], [0.9, -17.75, 0.017, 0.0]])",1,0.7724444444444445,"deque([[4.67, -93.02, 0.017, 1.0], [4.41, -87.76, 0.017, 0.0]])",False
"deque([[1.18, -23.38, 0.017, 0.0], [1.03, -20.48, 0.017, 0.0]])",1,0.7402222222222222,"deque([[4.67, -93.02, 0.017, 1.0], [4.41, -87.76, 0.017, 0.0]])",False
"deque([[1.33, -26.45, 0.017, 0.0], [1.18, -23.38, 0.017, 0.0]])",1,0.7061111111111111,"deque([[4.67, -93.02, 0.017, 1.0], [4.41, -87.76, 0.017, 0.0]])",False
"deque([[1.33, -26.45, 0.017, 0.0], [1.33, -26.45, 0.017, 0.0]])",1,0.7061111111111111,"deque([[4.67, -93.02, 0.017, 1.0], [4.41, -87.76, 0.017, 0.0]])",False
"deque([[1.5, -29.84, 0.017, 0.0], [1.33, -26.45, 0.017, 0.0]])",1,0.6684444444444444,"deque([[4.67, -93.02, 0.017, 1.0], [4.41, -87.76, 0.017, 0.0]])",False
"deque([[1.67, -33.39, 0.017, 0.0], [1.5, -29.84, 0.017, 0.0]])",1,0.629,"deque([[4.67, -93.02, 0.017, 1.0], [4.41, -87.76, 0.017, 0.0]])",False
"deque([[1.86, -37.1, 0.017, 0.0], [1.67, -33.39, 0.017, 0.0]])",1,0.5877777777777777,"deque([[4.67, -93.02, 0.017, 1.0], [4.41, -87.76, 0.017, 0.0]])",False
"deque([[2.05, -40.99, 0.017, 0.0], [1.86, -37.1, 0.017, 0.0]])",1,0.5445555555555555,"deque([[4.67, -93.02, 0.017, 1.0], [4.41, -87.76, 0.017, 0.0]])",False
"deque([[2.25, -45.03, 0.017, 0.0], [2.05, -40.99, 0.017, 0.0]])",1,0.4996666666666667,"deque([[4.67, -93.02, 0.017, 1.0], [4.41, -87.76, 0.017, 0.0]])",False
"deque([[2.46, -49.24, 0.017, 0.0], [2.25, -45.03, 0.017, 0.0]])",3,0.4528888888888889,"deque([[4.67, -93.02, 0.017, 1.0], [4.41, -87.76, 0.017, 0.0]])",False
"deque([[2.46, -49.24, 0.017, 0.0], [2.46, -49.24, 0.017, 0.0]])",1,0.4528888888888889,"deque([[4.67, -93.02, 0.017, 1.0], [4.41, -87.76, 0.017, 0.0]])",False
"deque([[2.67, -53.6, 0.017, 0.0], [2.46, -49.24, 0.017, 0.0]])",1,0.4044444444444444,"deque([[4.67, -93.02, 0.017, 1.0], [4.41, -87.76, 0.017, 0.0]])",False
"deque([[2.9, -58.1, 0.017, 0.0], [2.67, -53.6, 0.017, 0.0]])",1,0.35444444444444445,"deque([[4.67, -93.02, 0.017, 1.0], [4.41, -87.76, 0.017, 0.0]])",False
"deque([[3.13, -62.75, 0.017, 0.0], [2.9, -58.1, 0.017, 0.0]])",1,0.3027777777777778,"deque([[4.67, -93.02, 0.017, 1.0], [4.41, -87.76, 0.017, 0.0]])",False
"deque([[3.37, -67.53, 0.017, 0.0], [3.13, -62.75, 0.017, 0.0]])",1,0.2496666666666667,"deque([[4.67, -93.02, 0.017, 1.0], [4.41, -87.76, 0.017, 0.0]])",False
"deque([[3.62, -72.43, 0.017, 0.0], [3.37, -67.53, 0.017, 0.0]])",3,0.19522222222222219,"deque([[4.67, -93.02, 0.017, 1.0], [4.41, -87.76, 0.017, 0.0]])",False
"deque([[3.62, -72.43, 0.017, 0.0], [3.62, -72.43, 0.017, 0.0]])",1,0.19522222222222219,"deque([[4.67, -93.02, 0.017, 1.0], [4.41, -87.76, 0.017, 0.0]])",False
"deque([[3.87, -77.44, 0.017, 0.0], [3.62, -72.43, 0.017, 0.0]])",1,0.13955555555555554,"deque([[4.67, -93.02, 0.017, 1.0], [4.41, -87.76, 0.017, 0.0]])",False
"deque([[4.14, -82.56, 0.017, 0.0], [3.87, -77.44, 0.017, 0.0]])",1,0.08266666666666667,"deque([[4.67, -93.02, 0.017, 1.0], [4.41, -87.76, 0.017, 0.0]])",False
"deque([[4.41, -87.76, 0.017, 0.0], [4.14, -82.56, 0.017, 0.0]])",5,0.02488888888888885,"deque([[4.67, -93.02, 0.017, 1.0], [4.41, -87.76, 0.017, 0.0]])",False
"deque([[4.67, -93.02, 0.017, 1.0], [4.41, -87.76, 0.017, 0.0]])",1,-0.03355555555555556,"deque([[4.67, -93.02, 0.017, 1.0], [4.41, -87.76, 0.017, 0.0]])",True
"deque([[0.0, 0.0, 0.017, 0.0], [0.0, 0.0, 0.017, 0.0]])",1,1.0,"deque([[4.69, -92.48, 0.017, 1.0], [4.4, -87.12, 0.017, 0.0]])",False
"deque([[0.01, -0.16, 0.017, 0.0], [0.0, 0.0, 0.017, 0.0]])",1,0.9982222222222222,"deque([[4.69, -92.48, 0.017, 1.0], [4.4, -87.12, 0.017, 0.0]])",False
"deque([[0.02, -0.47, 0.017, 0.0], [0.01, -0.16, 0.017, 0.0]])",1,0.9947777777777778,"deque([[4.69, -92.48, 0.017, 1.0], [4.4, -87.12, 0.017, 0.0]])",False
"deque([[0.05, -0.94, 0.017, 0.0], [0.02, -0.47, 0.017, 0.0]])",1,0.9895555555555555,"deque([[4.69, -92.48, 0.017, 1.0], [4.4, -87.12, 0.017, 0.0]])",False
"deque([[0.08, -1.56, 0.017, 0.0], [0.05, -0.94, 0.017, 0.0]])",3,0.9826666666666667,"deque([[4.69, -92.48, 0.017, 1.0], [4.4, -87.12, 0.017, 0.0]])",False
"deque([[0.08, -1.56, 0.017, 0.0], [0.08, -1.56, 0.017, 0.0]])",1,0.9826666666666667,"deque([[4.69, -92.48, 0.017, 1.0], [4.4, -87.12, 0.017, 0.0]])",False
"deque([[0.12, -2.35, 0.017, 0.0], [0.08, -1.56, 0.017, 0.0]])",1,0.9738888888888889,"deque([[4.69, -92.48, 0.017, 1.0], [4.4, -87.12, 0.017, 0.0]])",False
"deque([[0.17, -3.29, 0.017, 0.0], [0.12, -2.35, 0.017, 0.0]])",1,0.9634444444444444,"deque([[4.69, -92.48, 0.017, 1.0], [4.4, -87.12, 0.017, 0.0]])",False
"deque([[0.22, -4.39, 0.017, 0.0], [0.17, -3.29, 0.017, 0.0]])",1,0.9512222222222222,"deque([[4.69, -92.48, 0.017, 1.0], [4.4, -87.12, 0.017, 0.0]])",False
"deque([[0.29, -5.66, 0.017, 0.0], [0.22, -4.39, 0.017, 0.0]])",1,0.9371111111111111,"deque([[4.69, -92.48, 0.017, 1.0], [4.4, -87.12, 0.017, 0.0]])",False
"deque([[0.36, -7.08, 0.017, 0.0], [0.29, -5.66, 0.017, 0.0]])",1,0.9213333333333333,"deque([[4.69, -92.48, 0.017, 1.0], [4.4, -87.12, 0.017, 0.0]])",False
"deque([[0.44, -8.67, 0.017, 0.0], [0.36, -7.08, 0.017, 0.0]])",1,0.9036666666666666,"deque([[4.69, -92.48, 0.017, 1.0], [4.4, -87.12, 0.017, 0.0]])",False
"deque([[0.44, -8.67, 0.017, 0.0], [0.44, -8.67, 0.017, 0.0]])",1,0.9036666666666666,"deque([[4.69, -92.48, 0.017, 1.0], [4.4, -87.12, 0.017, 0.0]])",False
"deque([[0.54, -10.58, 0.017, 0.0], [0.44, -8.67, 0.017, 0.0]])",1,0.8824444444444445,"deque([[4.69, -92.48, 0.017, 1.0], [4.4, -87.12, 0.017, 0.0]])",False
"deque([[0.64, -12.66, 0.017, 0.0], [0.54, -10.58, 0.017, 0.0]])",1,0.8593333333333333,"deque([[4.69, -92.48, 0.017, 1.0], [4.4, -87.12, 0.017, 0.0]])",False
"deque([[0.75, -14.9, 0.017, 0.0], [0.64, -12.66, 0.017, 0.0]])",1,0.8344444444444444,"deque([[4.69, -92.48, 0.017, 1.0], [4.4, -87.12, 0.017, 0.0]])",False
"deque([[0.87, -17.31, 0.017, 0.0], [0.75, -14.9, 0.017, 0.0]])",1,0.8076666666666666,"deque([[4.69, -92.48, 0.017, 1.0], [4.4, -87.12, 0.017, 0.0]])",False
"deque([[1.0, -19.89, 0.017, 0.0], [0.87, -17.31, 0.017, 0.0]])",1,0.779,"deque([[4.69, -92.48, 0.017, 1.0], [4.4, -87.12, 0.017, 0.0]])",False
"deque([[1.0, -19.89, 0.017, 0.0], [1.0, -19.89, 0.017, 0.0]])",1,0.779,"deque([[4.69, -92.48, 0.017, 1.0], [4.4, -87.12, 0.017, 0.0]])",False
"deque([[1.14, -22.79, 0.017, 0.0], [1.0, -19.89, 0.017, 0.0]])",1,0.7467777777777778,"deque([[4.69, -92.48, 0.017, 1.0], [4.4, -87.12, 0.017, 0.0]])",False
"deque([[1.3, -25.86, 0.017, 0.0], [1.14, -22.79, 0.017, 0.0]])",1,0.7126666666666667,"deque([[4.69, -92.48, 0.017, 1.0], [4.4, -87.12, 0.017, 0.0]])",False
"deque([[1.46, -29.1, 0.017, 0.0], [1.3, -25.86, 0.017, 0.0]])",1,0.6766666666666666,"deque([[4.69, -92.48, 0.017, 1.0], [4.4, -87.12, 0.017, 0.0]])",False
"deque([[1.62, -32.51, 0.017, 0.0], [1.46, -29.1, 0.017, 0.0]])",1,0.6387777777777778,"deque([[4.69, -92.48, 0.017, 1.0], [4.4, -87.12, 0.017, 0.0]])",False
"deque([[1.8, -36.08, 0.017, 0.0], [1.62, -32.51, 0.017, 0.0]])",1,0.5991111111111111,"deque([[4.69, -92.48, 0.017, 1.0], [4.4, -87.12, 0.017, 0.0]])",False
"deque([[1.8, -36.08, 0.017, 0.0], [1.8, -36.08, 0.017, 0.0]])",1,0.5991111111111111,"deque([[4.69, -92.48, 0.017, 1.0], [4.4, -87.12, 0.017, 0.0]])",False
"deque([[1.99, -39.95, 0.017, 0.0], [1.8, -36.08, 0.017, 0.0]])",1,0.556111111111111,"deque([[4.69, -92.48, 0.017, 1.0], [4.4, -87.12, 0.017, 0.0]])",False
"deque([[2.19, -43.98, 0.017, 0.0], [1.99, -39.95, 0.017, 0.0]])",1,0.5113333333333334,"deque([[4.69, -92.48, 0.017, 1.0], [4.4, -87.12, 0.017, 0.0]])",False
"deque([[2.4, -48.17, 0.017, 0.0], [2.19, -43.98, 0.017, 0.0]])",1,0.46477777777777773,"deque([[4.69, -92.48, 0.017, 1.0], [4.4, -87.12, 0.017, 0.0]])",False
"deque([[2.62, -52.51, 0.017, 0.0], [2.4, -48.17, 0.017, 0.0]])",1,0.41655555555555557,"deque([[4.69, -92.48, 0.017, 1.0], [4.4, -87.12, 0.017, 0.0]])",False
"deque([[2.84, -57.01, 0.017, 0.0], [2.62, -52.51, 0.017, 0.0]])",1,0.3665555555555555,"deque([[4.69, -92.48, 0.017, 1.0], [4.4, -87.12, 0.017, 0.0]])",False
"deque([[2.84, -57.01, 0.017, 0.0], [2.84, -57.01, 0.017, 0.0]])",1,0.3665555555555555,"deque([[4.69, -92.48, 0.017, 1.0], [4.4, -87.12, 0.017, 0.0]])",False
"deque([[3.08, -61.73, 0.017, 0.0], [2.84, -57.01, 0.017, 0.0]])",1,0.3141111111111111,"deque([[4.69, -92.48, 0.017, 1.0], [4.4, -87.12, 0.017, 0.0]])",False
"deque([[3.33, -66.58, 0.017, 0.0], [3.08, -61.73, 0.017, 0.0]])",1,0.26022222222222224,"deque([[4.69, -92.48, 0.017, 1.0], [4.4, -87.12, 0.017, 0.0]])",False
"deque([[3.58, -71.55, 0.017, 0.0], [3.33, -66.58, 0.017, 0.0]])",1,0.20500000000000007,"deque([[4.69, -92.48, 0.017, 1.0], [4.4, -87.12, 0.017, 0.0]])",False
"deque([[3.85, -76.64, 0.017, 0.0], [3.58, -71.55, 0.017, 0.0]])",1,0.1484444444444445,"deque([[4.69, -92.48, 0.017, 1.0], [4.4, -87.12, 0.017, 0.0]])",False
"deque([[4.12, -81.83, 0.017, 0.0], [3.85, -76.64, 0.017, 0.0]])",1,0.09077777777777785,"deque([[4.69, -92.48, 0.017, 1.0], [4.4, -87.12, 0.017, 0.0]])",False
"deque([[4.4, -87.12, 0.017, 0.0], [4.12, -81.83, 0.017, 0.0]])",1,0.03199999999999992,"deque([[4.69, -92.48, 0.017, 1.0], [4.4, -87.12, 0.017, 0.0]])",False
"deque([[4.4, -87.12, 0.017, 0.0], [4.4, -87.12, 0.017, 0.0]])",1,0.03199999999999992,"deque([[4.69, -92.48, 0.017, 1.0], [4.4, -87.12, 0.017, 0.0]])",False
"deque([[4.69, -92.48, 0.017, 1.0], [4.4, -87.12, 0.017, 0.0]])",1,-0.027555555555555555,"deque([[4.69, -92.48, 0.017, 1.0], [4.4, -87.12, 0.017, 0.0]])",True
"deque([[0.0, 0.0, 0.017, 0.0], [0.0, 0.0, 0.017, 0.0]])",1,1.0,"deque([[4.69, -92.58, 0.017, 1.0], [4.4, -87.27, 0.017, 0.0]])",False
"deque([[0.01, -0.16, 0.017, 0.0], [0.0, 0.0, 0.017, 0.0]])",1,0.9982222222222222,"deque([[4.69, -92.58, 0.017, 1.0], [4.4, -87.27, 0.017, 0.0]])",False
"deque([[0.01, -0.16, 0.017, 0.0], [0.01, -0.16, 0.017, 0.0]])",1,0.9982222222222222,"deque([[4.69, -92.58, 0.017, 1.0], [4.4, -87.27, 0.017, 0.0]])",False
"deque([[0.03, -0.62, 0.017, 0.0], [0.01, -0.16, 0.017, 0.0]])",1,0.9931111111111111,"deque([[4.69, -92.58, 0.017, 1.0], [4.4, -87.27, 0.017, 0.0]])",False
"deque([[0.06, -1.25, 0.017, 0.0], [0.03, -0.62, 0.017, 0.0]])",1,0.9861111111111112,"deque([[4.69, -92.58, 0.017, 1.0], [4.4, -87.27, 0.017, 0.0]])",False
"deque([[0.1, -2.03, 0.017, 0.0], [0.06, -1.25, 0.017, 0.0]])",1,0.9774444444444444,"deque([[4.69, -92.58, 0.017, 1.0], [4.4, -87.27, 0.017, 0.0]])",False
"deque([[0.15, -2.97, 0.017, 0.0], [0.1, -2.03, 0.017, 0.0]])",1,0.967,"deque([[4.69, -92.58, 0.017, 1.0], [4.4, -87.27, 0.017, 0.0]])",False
"deque([[0.21, -4.07, 0.017, 0.0], [0.15, -2.97, 0.017, 0.0]])",1,0.9547777777777777,"deque([[4.69, -92.58, 0.017, 1.0], [4.4, -87.27, 0.017, 0.0]])",False
"deque([[0.21, -4.07, 0.017, 0.0], [0.21, -4.07, 0.017, 0.0]])",1,0.9547777777777777,"deque([[4.69, -92.58, 0.017, 1.0], [4.4, -87.27, 0.017, 0.0]])",False
"deque([[0.28, -5.49, 0.017, 0.0], [0.21, -4.07, 0.017, 0.0]])",1,0.939,"deque([[4.69, -92.58, 0.017, 1.0], [4.4, -87.27, 0.017, 0.0]])",False
"deque([[0.36, -7.07, 0.017, 0.0], [0.28, -5.49, 0.017, 0.0]])",5,0.9214444444444444,"deque([[4.69, -92.58, 0.017, 1.0], [4.4, -87.27, 0.017, 0.0]])",False
"deque([[0.43, -8.5, 0.017, 0.0], [0.36, -7.07, 0.017, 0.0]])",1,0.9055555555555556,"deque([[4.69, -92.58, 0.017, 1.0], [4.4, -87.27, 0.017, 0.0]])",False
"deque([[0.51, -10.1, 0.017, 0.0], [0.43, -8.5, 0.017, 0.0]])",1,0.8877777777777778,"deque([[4.69, -92.58, 0.017, 1.0], [4.4, -87.27, 0.017, 0.0]])",False
"deque([[0.6, -11.87, 0.017, 0.0], [0.51, -10.1, 0.017, 0.0]])",1,0.8681111111111111,"deque([[4.69, -92.58, 0.017, 1.0], [4.4, -87.27, 0.017, 0.0]])",False
"deque([[0.7, -13.8, 0.017, 0.0], [0.6, -11.87, 0.017, 0.0]])",1,0.8466666666666667,"deque([[4.69, -92.58, 0.017, 1.0], [4.4, -87.27, 0.017, 0.0]])",False
"deque([[0.7, -13.8, 0.017, 0.0], [0.7, -13.8, 0.017, 0.0]])",1,0.8466666666666667,"deque([[4.69, -92.58, 0.017, 1.0], [4.4, -87.27, 0.017, 0.0]])",False
"deque([[0.81, -16.05, 0.017, 0.0], [0.7, -13.8, 0.017, 0.0]])",1,0.8216666666666667,"deque([[4.69, -92.58, 0.017, 1.0], [4.4, -87.27, 0.017, 0.0]])",False
"deque([[0.93, -18.47, 0.017, 0.0], [0.81, -16.05, 0.017, 0.0]])",1,0.7947777777777778,"deque([[4.69, -92.58, 0.017, 1.0], [4.4, -87.27, 0.017, 0.0]])",False
"deque([[1.06, -21.06, 0.017, 0.0], [0.93, -18.47, 0.017, 0.0]])",1,0.766,"deque([[4.69, -92.58, 0.017, 1.0], [4.4, -87.27, 0.017, 0.0]])",False
"deque([[1.19, -23.83, 0.017, 0.0], [1.06, -21.06, 0.017, 0.0]])",1,0.7352222222222222,"deque([[4.69, -92.58, 0.017, 1.0], [4.4, -87.27, 0.017, 0.0]])",False
"deque([[1.34, -26.76, 0.017, 0.0], [1.19, -23.83, 0.017, 0.0]])",1,0.7026666666666667,"deque([[4.69, -92.58, 0.017, 1.0], [4.4, -87.27, 0.017, 0.0]])",False
"deque([[1.34, -26.76, 0.017, 0.0], [1.34, -26.76, 0.017, 0.0]])",1,0.7026666666666667,"deque([[4.69, -92.58, 0.017, 1.0], [4.4, -87.27, 0.017, 0.0]])",False
"deque([[1.5, -30.0, 0.017, 0.0], [1.34, -26.76, 0.017, 0.0]])",1,0.6666666666666667,"deque([[4.69, -92.58, 0.017, 1.0], [4.4, -87.27, 0.017, 0.0]])",False
"deque([[1.66, -33.41, 0.017, 0.0], [1.5, -30.0, 0.017, 0.0]])",1,0.6287777777777779,"deque([[4.69, -92.58, 0.017, 1.0], [4.4, -87.27, 0.017, 0.0]])",False
"deque([[1.84, -36.99, 0.017, 0.0], [1.66, -33.41, 0.017, 0.0]])",1,0.589,"deque([[4.69, -92.58, 0.017, 1.0], [4.4, -87.27, 0.017, 0.0]])",False
"deque([[2.02, -40.74, 0.017, 0.0], [1.84, -36.99, 0.017, 0.0]])",1,0.5473333333333333,"deque([[4.69, -92.58, 0.017, 1.0], [4.4, -87.27, 0.017, 0.0]])",False
"deque([[2.22, -44.65, 0.017, 0.0], [2.02, -40.74, 0.017, 0.0]])",1,0.5038888888888888,"deque([[4.69, -92.58, 0.017, 1.0], [4.4, -87.27, 0.017, 0.0]])",False
"deque([[2.22, -44.65, 0.017, 0.0], [2.22, -44.65, 0.017, 0.0]])",1,0.5038888888888888,"deque([[4.69, -92.58, 0.017, 1.0], [4.4, -87.27, 0.017, 0.0]])",False
"deque([[2.42, -48.83, 0.017, 0.0], [2.22, -44.65, 0.017, 0.0]])",1,0.45744444444444443,"deque([[4.69, -92.58, 0.017, 1.0], [4.4, -87.27, 0.017, 0.0]])",False
"deque([[2.64, -53.15, 0.017, 0.0], [2.42, -48.83, 0.017, 0.0]])",1,0.4094444444444445,"deque([[4.69, -92.58, 0.017, 1.0], [4.4, -87.27, 0.017, 0.0]])",False
"deque([[2.86, -57.63, 0.017, 0.0], [2.64, -53.15, 0.017, 0.0]])",1,0.3596666666666667,"deque([[4.69, -92.58, 0.017, 1.0], [4.4, -87.27, 0.017, 0.0]])",False
"deque([[3.1, -62.25, 0.017, 0.0], [2.86, -57.63, 0.017, 0.0]])",1,0.30833333333333335,"deque([[4.69, -92.58, 0.017, 1.0], [4.4, -87.27, 0.017, 0.0]])",False
"deque([[3.34, -67.0, 0.017, 0.0], [3.1, -62.25, 0.017, 0.0]])",1,0.25555555555555554,"deque([[4.69, -92.58, 0.017, 1.0], [4.4, -87.27, 0.017, 0.0]])",False
"deque([[3.58, -71.88, 0.017, 0.0], [3.34, -67.0, 0.017, 0.0]])",1,0.20133333333333336,"deque([[4.69, -92.58, 0.017, 1.0], [4.4, -87.27, 0.017, 0.0]])",False
"deque([[3.58, -71.88, 0.017, 0.0], [3.58, -71.88, 0.017, 0.0]])",1,0.20133333333333336,"deque([[4.69, -92.58, 0.017, 1.0], [4.4, -87.27, 0.017, 0.0]])",False
"deque([[3.85, -76.92, 0.017, 0.0], [3.58, -71.88, 0.017, 0.0]])",1,0.14533333333333331,"deque([[4.69, -92.58, 0.017, 1.0], [4.4, -87.27, 0.017, 0.0]])",False
"deque([[4.12, -82.05, 0.017, 0.0], [3.85, -76.92, 0.017, 0.0]])",1,0.08833333333333337,"deque([[4.69, -92.58, 0.017, 1.0], [4.4, -87.27, 0.017, 0.0]])",False
"deque([[4.4, -87.27, 0.017, 0.0], [4.12, -82.05, 0.017, 0.0]])",1,0.030333333333333323,"deque([[4.69, -92.58, 0.017, 1.0], [4.4, -87.27, 0.017, 0.0]])",False
"deque([[4.69, -92.58, 0.017, 1.0], [4.4, -87.27, 0.017, 0.0]])",1,-0.028666666666666618,"deque([[4.69, -92.58, 0.017, 1.0], [4.4, -87.27, 0.017, 0.0]])",True
"deque([[0.0, 0.0, 0.017, 0.0], [0.0, 0.0, 0.017, 0.0]])",1,1.0,"deque([[4.58, -90.88, 0.017, 1.0], [4.31, -85.55, 0.017, 0.0]])",False
"deque([[0.01, -0.16, 0.017, 0.0], [0.0, 0.0, 0.017, 0.0]])",1,0.9982222222222222,"deque([[4.58, -90.88, 0.017, 1.0], [4.31, -85.55, 0.017, 0.0]])",False
"deque([[0.02, -0.47, 0.017, 0.0], [0.01, -0.16, 0.017, 0.0]])",1,0.9947777777777778,"deque([[4.58, -90.88, 0.017, 1.0], [4.31, -85.55, 0.017, 0.0]])",False
"deque([[0.05, -0.94, 0.017, 0.0], [0.02, -0.47, 0.017, 0.0]])",1,0.9895555555555555,"deque([[4.58, -90.88, 0.017, 1.0], [4.31, -85.55, 0.017, 0.0]])",False
"deque([[0.08, -1.56, 0.017, 0.0], [0.05, -0.94, 0.017, 0.0]])",1,0.9826666666666667,"deque([[4.58, -90.88, 0.017, 1.0], [4.31, -85.55, 0.017, 0.0]])",False
"deque([[0.08, -1.56, 0.017, 0.0], [0.08, -1.56, 0.017, 0.0]])",1,0.9826666666666667,"deque([[4.58, -90.88, 0.017, 1.0], [4.31, -85.55, 0.017, 0.0]])",False
"deque([[0.13, -2.5, 0.017, 0.0], [0.08, -1.56, 0.017, 0.0]])",1,0.9722222222222222,"deque([[4.58, -90.88, 0.017, 1.0], [4.31, -85.55, 0.017, 0.0]])",False
"deque([[0.18, -3.6, 0.017, 0.0], [0.13, -2.5, 0.017, 0.0]])",1,0.96,"deque([[4.58, -90.88, 0.017, 1.0], [4.31, -85.55, 0.017, 0.0]])",False
"deque([[0.25, -4.86, 0.017, 0.0], [0.18, -3.6, 0.017, 0.0]])",1,0.946,"deque([[4.58, -90.88, 0.017, 1.0], [4.31, -85.55, 0.017, 0.0]])",False
"deque([[0.32, -6.28, 0.017, 0.0], [0.25, -4.86, 0.017, 0.0]])",1,0.9302222222222222,"deque([[4.58, -90.88, 0.017, 1.0], [4.31, -85.55, 0.017, 0.0]])",False
"deque([[0.4, -7.87, 0.017, 0.0], [0.32, -6.28, 0.017, 0.0]])",1,0.9125555555555556,"deque([[4.58, -90.88, 0.017, 1.0], [4.31, -85.55, 0.017, 0.0]])",False
"deque([[0.49, -9.61, 0.017, 0.0], [0.4, -7.87, 0.017, 0.0]])",1,0.8932222222222223,"deque([[4.58, -90.88, 0.017, 1.0], [4.31, -85.55, 0.017, 0.0]])",False
"deque([[0.49, -9.61, 0.017, 0.0], [0.49, -9.61, 0.017, 0.0]])",1,0.8932222222222223,"deque([[4.58, -90.88, 0.017, 1.0], [4.31, -85.55, 0.017, 0.0]])",False
"deque([[0.59, -11.68, 0.017, 0.0], [0.49, -9.61, 0.017, 0.0]])",1,0.8702222222222222,"deque([[4.58, -90.88, 0.017, 1.0], [4.31, -85.55, 0.017, 0.0]])",False
"deque([[0.7, -13.91, 0.017, 0.0], [0.59, -11.68, 0.017, 0.0]])",1,0.8454444444444444,"deque([[4.58, -90.88, 0.017, 1.0], [4.31, -85.55, 0.017, 0.0]])",False
"deque([[0.82, -16.32, 0.017, 0.0], [0.7, -13.91, 0.017, 0.0]])",1,0.8186666666666667,"deque([[4.58, -90.88, 0.017, 1.0], [4.31, -85.55, 0.017, 0.0]])",False
"deque([[0.95, -18.89, 0.017, 0.0], [0.82, -16.32, 0.017, 0.0]])",1,0.7901111111111111,"deque([[4.58, -90.88, 0.017, 1.0], [4.31, -85.55, 0.017, 0.0]])",False
"deque([[1.09, -21.63, 0.017, 0.0], [0.95, -18.89, 0.017, 0.0]])",1,0.7596666666666667,"deque([[4.58, -90.88, 0.017, 1.0], [4.31, -85.55, 0.017, 0.0]])",False
"deque([[1.09, -21.63, 0.017, 0.0], [1.09, -21.63, 0.017, 0.0]])",1,0.7596666666666667,"deque([[4.58, -90.88, 0.017, 1.0], [4.31, -85.55, 0.017, 0.0]])",False
"deque([[1.24, -24.69, 0.017, 0.0], [1.09, -21.63, 0.017, 0.0]])",1,0.7256666666666667,"deque([[4.58, -90.88, 0.017, 1.0], [4.31, -85.55, 0.017, 0.0]])",False
"deque([[1.4, -27.91, 0.017, 0.0], [1.24, -24.69, 0.017, 0.0]])",1,0.6898888888888889,"deque([[4.58, -90.88, 0.017, 1.0], [4.31, -85.55, 0.017, 0.0]])",False
"deque([[1.57, -31.31, 0.017, 0.0], [1.4, -27.91, 0.017, 0.0]])",1,0.6521111111111111,"deque([[4.58, -90.88, 0.017, 1.0], [4.31, -85.55, 0.017, 0.0]])",False
"deque([[1.74, -34.87, 0.017, 0.0], [1.57, -31.31, 0.017, 0.0]])",1,0.6125555555555555,"deque([[4.58, -90.88, 0.017, 1.0], [4.31, -85.55, 0.017, 0.0]])",False
"deque([[1.93, -38.61, 0.017, 0.0], [1.74, -34.87, 0.017, 0.0]])",1,0.571,"deque([[4.58, -90.88, 0.017, 1.0], [4.31, -85.55, 0.017, 0.0]])",False
"deque([[1.93, -38.61, 0.017, 0.0], [1.93, -38.61, 0.017, 0.0]])",1,0.571,"deque([[4.58, -90.88, 0.017, 1.0], [4.31, -85.55, 0.017, 0.0]])",False
"deque([[2.13, -42.63, 0.017, 0.0], [1.93, -38.61, 0.017, 0.0]])",1,0.5263333333333333,"deque([[4.58, -90.88, 0.017, 1.0], [4.31, -85.55, 0.017, 0.0]])",False
"deque([[2.34, -46.8, 0.017, 0.0], [2.13, -42.63, 0.017, 0.0]])",1,0.48,"deque([[4.58, -90.88, 0.017, 1.0], [4.31, -85.55, 0.017, 0.0]])",False
"deque([[2.55, -51.13, 0.017, 0.0], [2.34, -46.8, 0.017, 0.0]])",1,0.4318888888888889,"deque([[4.58, -90.88, 0.017, 1.0], [4.31, -85.55, 0.017, 0.0]])",False
"deque([[2.78, -55.62, 0.017, 0.0], [2.55, -51.13, 0.017, 0.0]])",1,0.382,"deque([[4.58, -90.88, 0.017, 1.0], [4.31, -85.55, 0.017, 0.0]])",False
"deque([[3.01, -60.25, 0.017, 0.0], [2.78, -55.62, 0.017, 0.0]])",1,0.3305555555555556,"deque([[4.58, -90.88, 0.017, 1.0], [4.31, -85.55, 0.017, 0.0]])",False
"deque([[3.01, -60.25, 0.017, 0.0], [3.01, -60.25, 0.017, 0.0]])",1,0.3305555555555556,"deque([[4.58, -90.88, 0.017, 1.0], [4.31, -85.55, 0.017, 0.0]])",False
"deque([[3.26, -65.09, 0.017, 0.0], [3.01, -60.25, 0.017, 0.0]])",1,0.2767777777777778,"deque([[4.58, -90.88, 0.017, 1.0], [4.31, -85.55, 0.017, 0.0]])",False
"deque([[3.51, -70.05, 0.017, 0.0], [3.26, -65.09, 0.017, 0.0]])",1,0.22166666666666668,"deque([[4.58, -90.88, 0.017, 1.0], [4.31, -85.55, 0.017, 0.0]])",False
"deque([[3.78, -75.13, 0.017, 0.0], [3.51, -70.05, 0.017, 0.0]])",1,0.16522222222222227,"deque([[4.58, -90.88, 0.017, 1.0], [4.31, -85.55, 0.017, 0.0]])",False
"deque([[4.05, -80.32, 0.017, 0.0], [3.78, -75.13, 0.017, 0.0]])",5,0.10755555555555563,"deque([[4.58, -90.88, 0.017, 1.0], [4.31, -85.55, 0.017, 0.0]])",False
"deque([[4.31, -85.55, 0.017, 0.0], [4.05, -80.32, 0.017, 0.0]])",1,0.04944444444444451,"deque([[4.58, -90.88, 0.017, 1.0], [4.31, -85.55, 0.017, 0.0]])",False
"deque([[4.58, -90.88, 0.017, 1.0], [4.31, -85.55, 0.017, 0.0]])",1,-0.009777777777777663,"deque([[4.58, -90.88, 0.017, 1.0], [4.31, -85.55, 0.017, 0.0]])",True
"deque([[0.0, 0.0, 0.017, 0.0], [0.0, 0.0, 0.017, 0.0]])",1,1.0,"deque([[4.69, -92.95, 0.017, 1.0], [4.41, -87.73, 0.017, 0.0]])",False
"deque([[0.01, -0.16, 0.017, 0.0], [0.0, 0.0, 0.017, 0.0]])",1,0.9982222222222222,"deque([[4.69, -92.95, 0.017, 1.0], [4.41, -87.73, 0.017, 0.0]])",False
"deque([[0.02, -0.47, 0.017, 0.0], [0.01, -0.16, 0.017, 0.0]])",1,0.9947777777777778,"deque([[4.69, -92.95, 0.017, 1.0], [4.41, -87.73, 0.017, 0.0]])",False
"deque([[0.05, -0.94, 0.017, 0.0], [0.02, -0.47, 0.017, 0.0]])",1,0.9895555555555555,"deque([[4.69, -92.95, 0.017, 1.0], [4.41, -87.73, 0.017, 0.0]])",False
"deque([[0.05, -0.94, 0.017, 0.0], [0.05, -0.94, 0.017, 0.0]])",1,0.9895555555555555,"deque([[4.69, -92.95, 0.017, 1.0], [4.41, -87.73, 0.017, 0.0]])",False
"deque([[0.09, -1.72, 0.017, 0.0], [0.05, -0.94, 0.017, 0.0]])",1,0.9808888888888889,"deque([[4.69, -92.95, 0.017, 1.0], [4.41, -87.73, 0.017, 0.0]])",False
"deque([[0.14, -2.66, 0.017, 0.0], [0.09, -1.72, 0.017, 0.0]])",3,0.9704444444444444,"deque([[4.69, -92.95, 0.017, 1.0], [4.41, -87.73, 0.017, 0.0]])",False
"deque([[0.18, -3.6, 0.017, 0.0], [0.14, -2.66, 0.017, 0.0]])",1,0.96,"deque([[4.69, -92.95, 0.017, 1.0], [4.41, -87.73, 0.017, 0.0]])",False
"deque([[0.24, -4.71, 0.017, 0.0], [0.18, -3.6, 0.017, 0.0]])",1,0.9476666666666667,"deque([[4.69, -92.95, 0.017, 1.0], [4.41, -87.73, 0.017, 0.0]])",False
"deque([[0.3, -5.97, 0.017, 0.0], [0.24, -4.71, 0.017, 0.0]])",1,0.9336666666666666,"deque([[4.69, -92.95, 0.017, 1.0], [4.41, -87.73, 0.017, 0.0]])",False
"deque([[0.3, -5.97, 0.017, 0.0], [0.3, -5.97, 0.017, 0.0]])",2,0.9336666666666666,"deque([[4.69, -92.95, 0.017, 1.0], [4.41, -87.73, 0.017, 0.0]])",False
"deque([[0.38, -7.48, 0.017, 0.0], [0.3, -5.97, 0.017, 0.0]])",1,0.9168888888888889,"deque([[4.69, -92.95, 0.017, 1.0], [4.41, -87.73, 0.017, 0.0]])",False
"deque([[0.46, -9.15, 0.017, 0.0], [0.38, -7.48, 0.017, 0.0]])",1,0.8983333333333333,"deque([[4.69, -92.95, 0.017, 1.0], [4.41, -87.73, 0.017, 0.0]])",False
"deque([[0.56, -10.98, 0.017, 0.0], [0.46, -9.15, 0.017, 0.0]])",1,0.878,"deque([[4.69, -92.95, 0.017, 1.0], [4.41, -87.73, 0.017, 0.0]])",False
"deque([[0.66, -12.98, 0.017, 0.0], [0.56, -10.98, 0.017, 0.0]])",1,0.8557777777777777,"deque([[4.69, -92.95, 0.017, 1.0], [4.41, -87.73, 0.017, 0.0]])",False
"deque([[0.76, -15.15, 0.017, 0.0], [0.66, -12.98, 0.017, 0.0]])",1,0.8316666666666667,"deque([[4.69, -92.95, 0.017, 1.0], [4.41, -87.73, 0.017, 0.0]])",False
"deque([[0.76, -15.15, 0.017, 0.0], [0.76, -15.15, 0.017, 0.0]])",3,0.8316666666666667,"deque([[4.69, -92.95, 0.017, 1.0], [4.41, -87.73, 0.017, 0.0]])",False
"deque([[0.88, -17.49, 0.017, 0.0], [0.76, -15.15, 0.017, 0.0]])",1,0.8056666666666668,"deque([[4.69, -92.95, 0.017, 1.0], [4.41, -87.73, 0.017, 0.0]])",False
"deque([[1.0, -20.0, 0.017, 0.0], [0.88, -17.49, 0.017, 0.0]])",1,0.7777777777777778,"deque([[4.69, -92.95, 0.017, 1.0], [4.41, -87.73, 0.017, 0.0]])",False
"deque([[1.14, -22.68, 0.017, 0.0], [1.0, -20.0, 0.017, 0.0]])",1,0.748,"deque([[4.69, -92.95, 0.017, 1.0], [4.41, -87.73, 0.017, 0.0]])",False
"deque([[1.28, -25.53, 0.017, 0.0], [1.14, -22.68, 0.017, 0.0]])",3,0.7163333333333333,"deque([[4.69, -92.95, 0.017, 1.0], [4.41, -87.73, 0.017, 0.0]])",False
"deque([[1.42, -28.41, 0.017, 0.0], [1.28, -25.53, 0.017, 0.0]])",1,0.6843333333333333,"deque([[4.69, -92.95, 0.017, 1.0], [4.41, -87.73, 0.017, 0.0]])",False
"deque([[1.56, -31.47, 0.017, 0.0], [1.42, -28.41, 0.017, 0.0]])",1,0.6503333333333333,"deque([[4.69, -92.95, 0.017, 1.0], [4.41, -87.73, 0.017, 0.0]])",False
"deque([[1.56, -31.47, 0.017, 0.0], [1.56, -31.47, 0.017, 0.0]])",1,0.6503333333333333,"deque([[4.69, -92.95, 0.017, 1.0], [4.41, -87.73, 0.017, 0.0]])",False
"deque([[1.73, -34.83, 0.017, 0.0], [1.56, -31.47, 0.017, 0.0]])",1,0.613,"deque([[4.69, -92.95, 0.017, 1.0], [4.41, -87.73, 0.017, 0.0]])",False
"deque([[1.9, -38.35, 0.017, 0.0], [1.73, -34.83, 0.017, 0.0]])",1,0.5738888888888889,"deque([[4.69, -92.95, 0.017, 1.0], [4.41, -87.73, 0.017, 0.0]])",False
"deque([[2.08, -42.03, 0.017, 0.0], [1.9, -38.35, 0.017, 0.0]])",1,0.5329999999999999,"deque([[4.69, -92.95, 0.017, 1.0], [4.41, -87.73, 0.017, 0.0]])",False
"deque([[2.27, -45.88, 0.017, 0.0], [2.08, -42.03, 0.017, 0.0]])",1,0.4902222222222222,"deque([[4.69, -92.95, 0.017, 1.0], [4.41, -87.73, 0.017, 0.0]])",False
"deque([[2.46, -49.89, 0.017, 0.0], [2.27, -45.88, 0.017, 0.0]])",1,0.44566666666666666,"deque([[4.69, -92.95, 0.017, 1.0], [4.41, -87.73, 0.017, 0.0]])",False
"deque([[2.46, -49.89, 0.017, 0.0], [2.46, -49.89, 0.017, 0.0]])",1,0.44566666666666666,"deque([[4.69, -92.95, 0.017, 1.0], [4.41, -87.73, 0.017, 0.0]])",False
"deque([[2.68, -54.15, 0.017, 0.0], [2.46, -49.89, 0.017, 0.0]])",1,0.3983333333333333,"deque([[4.69, -92.95, 0.017, 1.0], [4.41, -87.73, 0.017, 0.0]])",False
"deque([[2.9, -58.55, 0.017, 0.0], [2.68, -54.15, 0.017, 0.0]])",1,0.34944444444444445,"deque([[4.69, -92.95, 0.017, 1.0], [4.41, -87.73, 0.017, 0.0]])",False
"deque([[3.12, -63.09, 0.017, 0.0], [2.9, -58.55, 0.017, 0.0]])",1,0.29899999999999993,"deque([[4.69, -92.95, 0.017, 1.0], [4.41, -87.73, 0.017, 0.0]])",False
"deque([[3.36, -67.77, 0.017, 0.0], [3.12, -63.09, 0.017, 0.0]])",1,0.247,"deque([[4.69, -92.95, 0.017, 1.0], [4.41, -87.73, 0.017, 0.0]])",False
"deque([[3.6, -72.57, 0.017, 0.0], [3.36, -67.77, 0.017, 0.0]])",1,0.19366666666666676,"deque([[4.69, -92.95, 0.017, 1.0], [4.41, -87.73, 0.017, 0.0]])",False
"deque([[3.6, -72.57, 0.017, 0.0], [3.6, -72.57, 0.017, 0.0]])",1,0.19366666666666676,"deque([[4.69, -92.95, 0.017, 1.0], [4.41, -87.73, 0.017, 0.0]])",False
"deque([[3.86, -77.53, 0.017, 0.0], [3.6, -72.57, 0.017, 0.0]])",1,0.13855555555555554,"deque([[4.69, -92.95, 0.017, 1.0], [4.41, -87.73, 0.017, 0.0]])",False
"deque([[4.13, -82.59, 0.017, 0.0], [3.86, -77.53, 0.017, 0.0]])",1,0.08233333333333326,"deque([[4.69, -92.95, 0.017, 1.0], [4.41, -87.73, 0.017, 0.0]])",False
"deque([[4.41, -87.73, 0.017, 0.0], [4.13, -82.59, 0.017, 0.0]])",1,0.025222222222222146,"deque([[4.69, -92.95, 0.017, 1.0], [4.41, -87.73, 0.017, 0.0]])",False
"deque([[4.69, -92.95, 0.017, 1.0], [4.41, -87.73, 0.017, 0.0]])",1,-0.032777777777777795,"deque([[4.69, -92.95, 0.017, 1.0], [4.41, -87.73, 0.017, 0.0]])",True
"deque([[0.0, 0.0, 0.017, 0.0], [0.0, 0.0, 0.017, 0.0]])",1,1.0,"deque([[4.59, -90.51, 0.017, 1.0], [4.3, -85.16, 0.017, 0.0]])",False
"deque([[0.01, -0.16, 0.017, 0.0], [0.0, 0.0, 0.017, 0.0]])",1,0.9982222222222222,"deque([[4.59, -90.51, 0.017, 1.0], [4.3, -85.16, 0.017, 0.0]])",False
"deque([[0.02, -0.47, 0.017, 0.0], [0.01, -0.16, 0.017, 0.0]])",1,0.9947777777777778,"deque([[4.59, -90.51, 0.017, 1.0], [4.3, -85.16, 0.017, 0.0]])",False
"deque([[0.05, -0.94, 0.017, 0.0], [0.02, -0.47, 0.017, 0.0]])",1,0.9895555555555555,"deque([[4.59, -90.51, 0.017, 1.0], [4.3, -85.16, 0.017, 0.0]])",False
"deque([[0.08, -1.56, 0.017, 0.0], [0.05, -0.94, 0.017, 0.0]])",1,0.9826666666666667,"deque([[4.59, -90.51, 0.017, 1.0], [4.3, -85.16, 0.017, 0.0]])",False
"deque([[0.12, -2.35, 0.017, 0.0], [0.08, -1.56, 0.017, 0.0]])",1,0.9738888888888889,"deque([[4.59, -90.51, 0.017, 1.0], [4.3, -85.16, 0.017, 0.0]])",False
"deque([[0.12, -2.35, 0.017, 0.0], [0.12, -2.35, 0.017, 0.0]])",1,0.9738888888888889,"deque([[4.59, -90.51, 0.017, 1.0], [4.3, -85.16, 0.017, 0.0]])",False
"deque([[0.18, -3.45, 0.017, 0.0], [0.12, -2.35, 0.017, 0.0]])",1,0.9616666666666667,"deque([[4.59, -90.51, 0.017, 1.0], [4.3, -85.16, 0.017, 0.0]])",False
"deque([[0.24, -4.7, 0.017, 0.0], [0.18, -3.45, 0.017, 0.0]])",1,0.9477777777777778,"deque([[4.59, -90.51, 0.017, 1.0], [4.3, -85.16, 0.017, 0.0]])",False
"deque([[0.31, -6.12, 0.017, 0.0], [0.24, -4.7, 0.017, 0.0]])",1,0.9319999999999999,"deque([[4.59, -90.51, 0.017, 1.0], [4.3, -85.16, 0.017, 0.0]])",False
"deque([[0.39, -7.71, 0.017, 0.0], [0.31, -6.12, 0.017, 0.0]])",1,0.9143333333333333,"deque([[4.59, -90.51, 0.017, 1.0], [4.3, -85.16, 0.017, 0.0]])",False
"deque([[0.48, -9.45, 0.017, 0.0], [0.39, -7.71, 0.017, 0.0]])",1,0.895,"deque([[4.59, -90.51, 0.017, 1.0], [4.3, -85.16, 0.017, 0.0]])",False
"deque([[0.48, -9.45, 0.017, 0.0], [0.48, -9.45, 0.017, 0.0]])",1,0.895,"deque([[4.59, -90.51, 0.017, 1.0], [4.3, -85.16, 0.017, 0.0]])",False
"deque([[0.58, -11.52, 0.017, 0.0], [0.48, -9.45, 0.017, 0.0]])",1,0.872,"deque([[4.59, -90.51, 0.017, 1.0], [4.3, -85.16, 0.017, 0.0]])",False
"deque([[0.7, -13.75, 0.017, 0.0], [0.58, -11.52, 0.017, 0.0]])",1,0.8472222222222222,"deque([[4.59, -90.51, 0.017, 1.0], [4.3, -85.16, 0.017, 0.0]])",False
"deque([[0.82, -16.15, 0.017, 0.0], [0.7, -13.75, 0.017, 0.0]])",1,0.8205555555555556,"deque([[4.59, -90.51, 0.017, 1.0], [4.3, -85.16, 0.017, 0.0]])",False
"deque([[0.94, -18.72, 0.017, 0.0], [0.82, -16.15, 0.017, 0.0]])",1,0.792,"deque([[4.59, -90.51, 0.017, 1.0], [4.3, -85.16, 0.017, 0.0]])",False
"deque([[1.08, -21.46, 0.017, 0.0], [0.94, -18.72, 0.017, 0.0]])",1,0.7615555555555555,"deque([[4.59, -90.51, 0.017, 1.0], [4.3, -85.16, 0.017, 0.0]])",False
"deque([[1.08, -21.46, 0.017, 0.0], [1.08, -21.46, 0.017, 0.0]])",1,0.7615555555555555,"deque([[4.59, -90.51, 0.017, 1.0], [4.3, -85.16, 0.017, 0.0]])",False
"deque([[1.23, -24.52, 0.017, 0.0], [1.08, -21.46, 0.017, 0.0]])",1,0.7275555555555555,"deque([[4.59, -90.51, 0.017, 1.0], [4.3, -85.16, 0.017, 0.0]])",False
"deque([[1.39, -27.74, 0.017, 0.0], [1.23, -24.52, 0.017, 0.0]])",1,0.6917777777777778,"deque([[4.59, -90.51, 0.017, 1.0], [4.3, -85.16, 0.017, 0.0]])",False
"deque([[1.56, -31.14, 0.017, 0.0], [1.39, -27.74, 0.017, 0.0]])",1,0.6539999999999999,"deque([[4.59, -90.51, 0.017, 1.0], [4.3, -85.16, 0.017, 0.0]])",False
"deque([[1.74, -34.7, 0.017, 0.0], [1.56, -31.14, 0.017, 0.0]])",1,0.6144444444444443,"deque([[4.59, -90.51, 0.017, 1.0], [4.3, -85.16, 0.017, 0.0]])",False
"deque([[1.92, -38.44, 0.017, 0.0], [1.74, -34.7, 0.017, 0.0]])",1,0.5728888888888889,"deque([[4.59, -90.51, 0.017, 1.0], [4.3, -85.16, 0.017, 0.0]])",False
"deque([[2.11, -42.33, 0.017, 0.0], [1.92, -38.44, 0.017, 0.0]])",1,0.5296666666666667,"deque([[4.59, -90.51, 0.017, 1.0], [4.3, -85.16, 0.017, 0.0]])",False
"deque([[2.11, -42.33, 0.017, 0.0], [2.11, -42.33, 0.017, 0.0]])",1,0.5296666666666667,"deque([[4.59, -90.51, 0.017, 1.0], [4.3, -85.16, 0.017, 0.0]])",False
"deque([[2.32, -46.51, 0.017, 0.0], [2.11, -42.33, 0.017, 0.0]])",1,0.4832222222222222,"deque([[4.59, -90.51, 0.017, 1.0], [4.3, -85.16, 0.017, 0.0]])",False
"deque([[2.54, -50.83, 0.017, 0.0], [2.32, -46.51, 0.017, 0.0]])",1,0.4352222222222223,"deque([[4.59, -90.51, 0.017, 1.0], [4.3, -85.16, 0.017, 0.0]])",False
"deque([[2.76, -55.31, 0.017, 0.0], [2.54, -50.83, 0.017, 0.0]])",1,0.38544444444444437,"deque([[4.59, -90.51, 0.017, 1.0], [4.3, -85.16, 0.017, 0.0]])",False
"deque([[2.99, -59.93, 0.017, 0.0], [2.76, -55.31, 0.017, 0.0]])",1,0.33411111111111114,"deque([[4.59, -90.51, 0.017, 1.0], [4.3, -85.16, 0.017, 0.0]])",False
"deque([[3.23, -64.69, 0.017, 0.0], [2.99, -59.93, 0.017, 0.0]])",1,0.28122222222222226,"deque([[4.59, -90.51, 0.017, 1.0], [4.3, -85.16, 0.017, 0.0]])",False
"deque([[3.23, -64.69, 0.017, 0.0], [3.23, -64.69, 0.017, 0.0]])",1,0.28122222222222226,"deque([[4.59, -90.51, 0.017, 1.0], [4.3, -85.16, 0.017, 0.0]])",False
"deque([[3.49, -69.65, 0.017, 0.0], [3.23, -64.69, 0.017, 0.0]])",1,0.22611111111111104,"deque([[4.59, -90.51, 0.017, 1.0], [4.3, -85.16, 0.017, 0.0]])",False
"deque([[3.75, -74.71, 0.017, 0.0], [3.49, -69.65, 0.017, 0.0]])",1,0.16988888888888898,"deque([[4.59, -90.51, 0.017, 1.0], [4.3, -85.16, 0.017, 0.0]])",False
"deque([[4.02, -79.89, 0.017, 0.0], [3.75, -74.71, 0.017, 0.0]])",1,0.11233333333333329,"deque([[4.59, -90.51, 0.017, 1.0], [4.3, -85.16, 0.017, 0.0]])",False
"deque([[4.3, -85.16, 0.017, 0.0], [4.02, -79.89, 0.017, 0.0]])",1,0.05377777777777781,"deque([[4.59, -90.51, 0.017, 1.0], [4.3, -85.16, 0.017, 0.0]])",False
"deque([[4.59, -90.51, 0.017, 1.0], [4.3, -85.16, 0.017, 0.0]])",1,-0.005666666666666709,"deque([[4.59, -90.51, 0.017, 1.0], [4.3, -85.16, 0.017, 0.0]])",True
"deque([[0.0, 0.0, 0.017, 0.0], [0.0, 0.0, 0.017, 0.0]])",1,1.0,"deque([[4.65, -91.46, 0.017, 1.0], [4.35, -86.09, 0.017, 0.0]])",False
"deque([[0.01, -0.16, 0.017, 0.0], [0.0, 0.0, 0.017, 0.0]])",1,0.9982222222222222,"deque([[4.65, -91.46, 0.017, 1.0], [4.35, -86.09, 0.017, 0.0]])",False
"deque([[0.02, -0.47, 0.017, 0.0], [0.01, -0.16, 0.017, 0.0]])",1,0.9947777777777778,"deque([[4.65, -91.46, 0.017, 1.0], [4.35, -86.09, 0.017, 0.0]])",False
"deque([[0.05, -0.94, 0.017, 0.0], [0.02, -0.47, 0.017, 0.0]])",1,0.9895555555555555,"deque([[4.65, -91.46, 0.017, 1.0], [4.35, -86.09, 0.017, 0.0]])",False
"deque([[0.05, -0.94, 0.017, 0.0], [0.05, -0.94, 0.017, 0.0]])",1,0.9895555555555555,"deque([[4.65, -91.46, 0.017, 1.0], [4.35, -86.09, 0.017, 0.0]])",False
"deque([[0.09, -1.72, 0.017, 0.0], [0.05, -0.94, 0.017, 0.0]])",1,0.9808888888888889,"deque([[4.65, -91.46, 0.017, 1.0], [4.35, -86.09, 0.017, 0.0]])",False
"deque([[0.14, -2.66, 0.017, 0.0], [0.09, -1.72, 0.017, 0.0]])",1,0.9704444444444444,"deque([[4.65, -91.46, 0.017, 1.0], [4.35, -86.09, 0.017, 0.0]])",False
"deque([[0.19, -3.76, 0.017, 0.0], [0.14, -2.66, 0.017, 0.0]])",1,0.9582222222222222,"deque([[4.65, -91.46, 0.017, 1.0], [4.35, -86.09, 0.017, 0.0]])",False
"deque([[0.26, -5.02, 0.017, 0.0], [0.19, -3.76, 0.017, 0.0]])",1,0.9442222222222222,"deque([[4.65, -91.46, 0.017, 1.0], [4.35, -86.09, 0.017, 0.0]])",False
"deque([[0.33, -6.44, 0.017, 0.0], [0.26, -5.02, 0.017, 0.0]])",1,0.9284444444444444,"deque([[4.65, -91.46, 0.017, 1.0], [4.35, -86.09, 0.017, 0.0]])",False
"deque([[0.41, -8.02, 0.017, 0.0], [0.33, -6.44, 0.017, 0.0]])",1,0.9108888888888889,"deque([[4.65, -91.46, 0.017, 1.0], [4.35, -86.09, 0.017, 0.0]])",False
"deque([[0.41, -8.02, 0.017, 0.0], [0.41, -8.02, 0.017, 0.0]])",1,0.9108888888888889,"deque([[4.65, -91.46, 0.017, 1.0], [4.35, -86.09, 0.017, 0.0]])",False
"deque([[0.5, -9.93, 0.017, 0.0], [0.41, -8.02, 0.017, 0.0]])",1,0.8896666666666667,"deque([[4.65, -91.46, 0.017, 1.0], [4.35, -86.09, 0.017, 0.0]])",False
"deque([[0.61, -12.0, 0.017, 0.0], [0.5, -9.93, 0.017, 0.0]])",1,0.8666666666666667,"deque([[4.65, -91.46, 0.017, 1.0], [4.35, -86.09, 0.017, 0.0]])",False
"deque([[0.72, -14.23, 0.017, 0.0], [0.61, -12.0, 0.017, 0.0]])",1,0.8418888888888889,"deque([[4.65, -91.46, 0.017, 1.0], [4.35, -86.09, 0.017, 0.0]])",False
"deque([[0.84, -16.64, 0.017, 0.0], [0.72, -14.23, 0.017, 0.0]])",1,0.8151111111111111,"deque([[4.65, -91.46, 0.017, 1.0], [4.35, -86.09, 0.017, 0.0]])",False
"deque([[0.97, -19.21, 0.017, 0.0], [0.84, -16.64, 0.017, 0.0]])",1,0.7865555555555556,"deque([[4.65, -91.46, 0.017, 1.0], [4.35, -86.09, 0.017, 0.0]])",False
"deque([[0.97, -19.21, 0.017, 0.0], [0.97, -19.21, 0.017, 0.0]])",1,0.7865555555555556,"deque([[4.65, -91.46, 0.017, 1.0], [4.35, -86.09, 0.017, 0.0]])",False
"deque([[1.11, -22.1, 0.017, 0.0], [0.97, -19.21, 0.017, 0.0]])",1,0.7544444444444445,"deque([[4.65, -91.46, 0.017, 1.0], [4.35, -86.09, 0.017, 0.0]])",False
"deque([[1.26, -25.16, 0.017, 0.0], [1.11, -22.1, 0.017, 0.0]])",1,0.7204444444444444,"deque([[4.65, -91.46, 0.017, 1.0], [4.35, -86.09, 0.017, 0.0]])",False
"deque([[1.42, -28.39, 0.017, 0.0], [1.26, -25.16, 0.017, 0.0]])",1,0.6845555555555556,"deque([[4.65, -91.46, 0.017, 1.0], [4.35, -86.09, 0.017, 0.0]])",False
"deque([[1.59, -31.79, 0.017, 0.0], [1.42, -28.39, 0.017, 0.0]])",1,0.6467777777777778,"deque([[4.65, -91.46, 0.017, 1.0], [4.35, -86.09, 0.017, 0.0]])",False
"deque([[1.77, -35.36, 0.017, 0.0], [1.59, -31.79, 0.017, 0.0]])",1,0.6071111111111112,"deque([[4.65, -91.46, 0.017, 1.0], [4.35, -86.09, 0.017, 0.0]])",False
"deque([[1.95, -39.1, 0.017, 0.0], [1.77, -35.36, 0.017, 0.0]])",1,0.5655555555555556,"deque([[4.65, -91.46, 0.017, 1.0], [4.35, -86.09, 0.017, 0.0]])",False
"deque([[1.95, -39.1, 0.017, 0.0], [1.95, -39.1, 0.017, 0.0]])",1,0.5655555555555556,"deque([[4.65, -91.46, 0.017, 1.0], [4.35, -86.09, 0.017, 0.0]])",False
"deque([[2.15, -43.12, 0.017, 0.0], [1.95, -39.1, 0.017, 0.0]])",1,0.520888888888889,"deque([[4.65, -91.46, 0.017, 1.0], [4.35, -86.09, 0.017, 0.0]])",False
"deque([[2.36, -47.3, 0.017, 0.0], [2.15, -43.12, 0.017, 0.0]])",1,0.47444444444444445,"deque([[4.65, -91.46, 0.017, 1.0], [4.35, -86.09, 0.017, 0.0]])",False
"deque([[2.58, -51.63, 0.017, 0.0], [2.36, -47.3, 0.017, 0.0]])",1,0.42633333333333334,"deque([[4.65, -91.46, 0.017, 1.0], [4.35, -86.09, 0.017, 0.0]])",False
"deque([[2.8, -56.12, 0.017, 0.0], [2.58, -51.63, 0.017, 0.0]])",1,0.37644444444444447,"deque([[4.65, -91.46, 0.017, 1.0], [4.35, -86.09, 0.017, 0.0]])",False
"deque([[3.03, -60.75, 0.017, 0.0], [2.8, -56.12, 0.017, 0.0]])",1,0.32499999999999996,"deque([[4.65, -91.46, 0.017, 1.0], [4.35, -86.09, 0.017, 0.0]])",False
"deque([[3.03, -60.75, 0.017, 0.0], [3.03, -60.75, 0.017, 0.0]])",1,0.32499999999999996,"deque([[4.65, -91.46, 0.017, 1.0], [4.35, -86.09, 0.017, 0.0]])",False
"deque([[3.28, -65.59, 0.017, 0.0], [3.03, -60.75, 0.017, 0.0]])",1,0.27122222222222214,"deque([[4.65, -91.46, 0.017, 1.0], [4.35, -86.09, 0.017, 0.0]])",False
"deque([[3.54, -70.55, 0.017, 0.0], [3.28, -65.59, 0.017, 0.0]])",1,0.21611111111111114,"deque([[4.65, -91.46, 0.017, 1.0], [4.35, -86.09, 0.017, 0.0]])",False
"deque([[3.8, -75.63, 0.017, 0.0], [3.54, -70.55, 0.017, 0.0]])",1,0.15966666666666673,"deque([[4.65, -91.46, 0.017, 1.0], [4.35, -86.09, 0.017, 0.0]])",False
"deque([[4.07, -80.81, 0.017, 0.0], [3.8, -75.63, 0.017, 0.0]])",1,0.10211111111111104,"deque([[4.65, -91.46, 0.017, 1.0], [4.35, -86.09, 0.017, 0.0]])",False
"deque([[4.35, -86.09, 0.017, 0.0], [4.07, -80.81, 0.017, 0.0]])",1,0.0434444444444444,"deque([[4.65, -91.46, 0.017, 1.0], [4.35, -86.09, 0.017, 0.0]])",False
"deque([[4.35, -86.09, 0.017, 0.0], [4.35, -86.09, 0.017, 0.0]])",1,0.0434444444444444,"deque([[4.65, -91.46, 0.017, 1.0], [4.35, -86.09, 0.017, 0.0]])",False
"deque([[4.65, -91.46, 0.017, 1.0], [4.35, -86.09, 0.017, 0.0]])",1,-0.016222222222222138,"deque([[4.65, -91.46, 0.017, 1.0], [4.35, -86.09, 0.017, 0.0]])",True
"deque([[0.0, 0.0, 0.017, 0.0], [0.0, 0.0, 0.017, 0.0]])",1,1.0,"deque([[4.67, -93.52, 0.017, 1.0], [4.4, -88.42, 0.017, 0.0]])",False
"deque([[0.01, -0.16, 0.017, 0.0], [0.0, 0.0, 0.017, 0.0]])",1,0.9982222222222222,"deque([[4.67, -93.52, 0.017, 1.0], [4.4, -88.42, 0.017, 0.0]])",False
"deque([[0.02, -0.47, 0.017, 0.0], [0.01, -0.16, 0.017, 0.0]])",1,0.9947777777777778,"deque([[4.67, -93.52, 0.017, 1.0], [4.4, -88.42, 0.017, 0.0]])",False
"deque([[0.02, -0.47, 0.017, 0.0], [0.02, -0.47, 0.017, 0.0]])",1,0.9947777777777778,"deque([[4.67, -93.52, 0.017, 1.0], [4.4, -88.42, 0.017, 0.0]])",False
"deque([[0.06, -1.09, 0.017, 0.0], [0.02, -0.47, 0.017, 0.0]])",1,0.9878888888888889,"deque([[4.67, -93.52, 0.017, 1.0], [4.4, -88.42, 0.017, 0.0]])",False
"deque([[0.1, -1.88, 0.017, 0.0], [0.06, -1.09, 0.017, 0.0]])",1,0.9791111111111112,"deque([[4.67, -93.52, 0.017, 1.0], [4.4, -88.42, 0.017, 0.0]])",False
"deque([[0.14, -2.82, 0.017, 0.0], [0.1, -1.88, 0.017, 0.0]])",1,0.9686666666666667,"deque([[4.67, -93.52, 0.017, 1.0], [4.4, -88.42, 0.017, 0.0]])",False
"deque([[0.2, -3.92, 0.017, 0.0], [0.14, -2.82, 0.017, 0.0]])",1,0.9564444444444444,"deque([[4.67, -93.52, 0.017, 1.0], [4.4, -88.42, 0.017, 0.0]])",False
"deque([[0.26, -5.18, 0.017, 0.0], [0.2, -3.92, 0.017, 0.0]])",1,0.9424444444444444,"deque([[4.67, -93.52, 0.017, 1.0], [4.4, -88.42, 0.017, 0.0]])",False
"deque([[0.26, -5.18, 0.017, 0.0], [0.26, -5.18, 0.017, 0.0]])",1,0.9424444444444444,"deque([[4.67, -93.52, 0.017, 1.0], [4.4, -88.42, 0.017, 0.0]])",False
"deque([[0.34, -6.75, 0.017, 0.0], [0.26, -5.18, 0.017, 0.0]])",1,0.925,"deque([[4.67, -93.52, 0.017, 1.0], [4.4, -88.42, 0.017, 0.0]])",False
"deque([[0.43, -8.49, 0.017, 0.0], [0.34, -6.75, 0.017, 0.0]])",1,0.9056666666666666,"deque([[4.67, -93.52, 0.017, 1.0], [4.4, -88.42, 0.017, 0.0]])",False
"deque([[0.53, -10.4, 0.017, 0.0], [0.43, -8.49, 0.017, 0.0]])",1,0.8844444444444445,"deque([[4.67, -93.52, 0.017, 1.0], [4.4, -88.42, 0.017, 0.0]])",False
"deque([[0.63, -12.47, 0.017, 0.0], [0.53, -10.4, 0.017, 0.0]])",1,0.8614444444444445,"deque([[4.67, -93.52, 0.017, 1.0], [4.4, -88.42, 0.017, 0.0]])",False
"deque([[0.74, -14.71, 0.017, 0.0], [0.63, -12.47, 0.017, 0.0]])",1,0.8365555555555555,"deque([[4.67, -93.52, 0.017, 1.0], [4.4, -88.42, 0.017, 0.0]])",False
"deque([[0.74, -14.71, 0.017, 0.0], [0.74, -14.71, 0.017, 0.0]])",1,0.8365555555555555,"deque([[4.67, -93.52, 0.017, 1.0], [4.4, -88.42, 0.017, 0.0]])",False
"deque([[0.87, -17.27, 0.017, 0.0], [0.74, -14.71, 0.017, 0.0]])",1,0.8081111111111111,"deque([[4.67, -93.52, 0.017, 1.0], [4.4, -88.42, 0.017, 0.0]])",False
"deque([[1.01, -20.0, 0.017, 0.0], [0.87, -17.27, 0.017, 0.0]])",1,0.7777777777777778,"deque([[4.67, -93.52, 0.017, 1.0], [4.4, -88.42, 0.017, 0.0]])",False
"deque([[1.15, -22.89, 0.017, 0.0], [1.01, -20.0, 0.017, 0.0]])",1,0.7456666666666667,"deque([[4.67, -93.52, 0.017, 1.0], [4.4, -88.42, 0.017, 0.0]])",False
"deque([[1.3, -25.96, 0.017, 0.0], [1.15, -22.89, 0.017, 0.0]])",1,0.7115555555555555,"deque([[4.67, -93.52, 0.017, 1.0], [4.4, -88.42, 0.017, 0.0]])",False
"deque([[1.46, -29.2, 0.017, 0.0], [1.3, -25.96, 0.017, 0.0]])",1,0.6755555555555556,"deque([[4.67, -93.52, 0.017, 1.0], [4.4, -88.42, 0.017, 0.0]])",False
"deque([[1.63, -32.61, 0.017, 0.0], [1.46, -29.2, 0.017, 0.0]])",1,0.6376666666666666,"deque([[4.67, -93.52, 0.017, 1.0], [4.4, -88.42, 0.017, 0.0]])",False
"deque([[1.63, -32.61, 0.017, 0.0], [1.63, -32.61, 0.017, 0.0]])",5,0.6376666666666666,"deque([[4.67, -93.52, 0.017, 1.0], [4.4, -88.42, 0.017, 0.0]])",False
"deque([[1.8, -36.06, 0.017, 0.0], [1.63, -32.61, 0.017, 0.0]])",1,0.5993333333333333,"deque([[4.67, -93.52, 0.017, 1.0], [4.4, -88.42, 0.017, 0.0]])",False
"deque([[1.98, -39.67, 0.017, 0.0], [1.8, -36.06, 0.017, 0.0]])",1,0.5592222222222222,"deque([[4.67, -93.52, 0.017, 1.0], [4.4, -88.42, 0.017, 0.0]])",False
"deque([[2.16, -43.45, 0.017, 0.0], [1.98, -39.67, 0.017, 0.0]])",1,0.5172222222222222,"deque([[4.67, -93.52, 0.017, 1.0], [4.4, -88.42, 0.017, 0.0]])",False
"deque([[2.35, -47.39, 0.017, 0.0], [2.16, -43.45, 0.017, 0.0]])",1,0.47344444444444445,"deque([[4.67, -93.52, 0.017, 1.0], [4.4, -88.42, 0.017, 0.0]])",False
"deque([[2.55, -51.49, 0.017, 0.0], [2.35, -47.39, 0.017, 0.0]])",5,0.4278888888888889,"deque([[4.67, -93.52, 0.017, 1.0], [4.4, -88.42, 0.017, 0.0]])",False
"deque([[2.55, -51.49, 0.017, 0.0], [2.55, -51.49, 0.017, 0.0]])",1,0.4278888888888889,"deque([[4.67, -93.52, 0.017, 1.0], [4.4, -88.42, 0.017, 0.0]])",False
"deque([[2.75, -55.64, 0.017, 0.0], [2.55, -51.49, 0.017, 0.0]])",1,0.38177777777777777,"deque([[4.67, -93.52, 0.017, 1.0], [4.4, -88.42, 0.017, 0.0]])",False
"deque([[2.96, -59.94, 0.017, 0.0], [2.75, -55.64, 0.017, 0.0]])",1,0.3340000000000001,"deque([[4.67, -93.52, 0.017, 1.0], [4.4, -88.42, 0.017, 0.0]])",False
"deque([[3.18, -64.38, 0.017, 0.0], [2.96, -59.94, 0.017, 0.0]])",1,0.28466666666666673,"deque([[4.67, -93.52, 0.017, 1.0], [4.4, -88.42, 0.017, 0.0]])",False
"deque([[3.4, -68.95, 0.017, 0.0], [3.18, -64.38, 0.017, 0.0]])",1,0.2338888888888888,"deque([[4.67, -93.52, 0.017, 1.0], [4.4, -88.42, 0.017, 0.0]])",False
"deque([[3.63, -73.63, 0.017, 0.0], [3.4, -68.95, 0.017, 0.0]])",1,0.181888888888889,"deque([[4.67, -93.52, 0.017, 1.0], [4.4, -88.42, 0.017, 0.0]])",False
"deque([[3.63, -73.63, 0.017, 0.0], [3.63, -73.63, 0.017, 0.0]])",1,0.181888888888889,"deque([[4.67, -93.52, 0.017, 1.0], [4.4, -88.42, 0.017, 0.0]])",False
"deque([[3.88, -78.47, 0.017, 0.0], [3.63, -73.63, 0.017, 0.0]])",1,0.12811111111111118,"deque([[4.67, -93.52, 0.017, 1.0], [4.4, -88.42, 0.017, 0.0]])",False
"deque([[4.14, -83.4, 0.017, 0.0], [3.88, -78.47, 0.017, 0.0]])",1,0.07333333333333325,"deque([[4.67, -93.52, 0.017, 1.0], [4.4, -88.42, 0.017, 0.0]])",False
"deque([[4.4, -88.42, 0.017, 0.0], [4.14, -83.4, 0.017, 0.0]])",1,0.017555555555555546,"deque([[4.67, -93.52, 0.017, 1.0], [4.4, -88.42, 0.017, 0.0]])",False
"deque([[4.67, -93.52, 0.017, 1.0], [4.4, -88.42, 0.017, 0.0]])",1,-0.039111111111111097,"deque([[4.67, -93.52, 0.017, 1.0], [4.4, -88.42, 0.017, 0.0]])",True
"deque([[0.0, 0.0, 0.017, 0.0], [0.0, 0.0, 0.017, 0.0]])",1,1.0,"deque([[4.6, -91.02, 0.017, 1.0], [4.31, -85.71, 0.017, 0.0]])",False
"deque([[0.01, -0.16, 0.017, 0.0], [0.0, 0.0, 0.017, 0.0]])",1,0.9982222222222222,"deque([[4.6, -91.02, 0.017, 1.0], [4.31, -85.71, 0.017, 0.0]])",False
"deque([[0.02, -0.47, 0.017, 0.0], [0.01, -0.16, 0.017, 0.0]])",1,0.9947777777777778,"deque([[4.6, -91.02, 0.017, 1.0], [4.31, -85.71, 0.017, 0.0]])",False
"deque([[0.05, -0.94, 0.017, 0.0], [0.02, -0.47, 0.017, 0.0]])",5,0.9895555555555555,"deque([[4.6, -91.02, 0.017, 1.0], [4.31, -85.71, 0.017, 0.0]])",False
"deque([[0.06, -1.25, 0.017, 0.0], [0.05, -0.94, 0.017, 0.0]])",1,0.9861111111111112,"deque([[4.6, -91.02, 0.017, 1.0], [4.31, -85.71, 0.017, 0.0]])",False
"deque([[0.09, -1.72, 0.017, 0.0], [0.06, -1.25, 0.017, 0.0]])",1,0.9808888888888889,"deque([[4.6, -91.02, 0.017, 1.0], [4.31, -85.71, 0.017, 0.0]])",False
"deque([[0.09, -1.72, 0.017, 0.0], [0.09, -1.72, 0.017, 0.0]])",1,0.9808888888888889,"deque([[4.6, -91.02, 0.017, 1.0], [4.31, -85.71, 0.017, 0.0]])",False
"deque([[0.13, -2.51, 0.017, 0.0], [0.09, -1.72, 0.017, 0.0]])",5,0.9721111111111111,"deque([[4.6, -91.02, 0.017, 1.0], [4.31, -85.71, 0.017, 0.0]])",False
"deque([[0.16, -3.14, 0.017, 0.0], [0.13, -2.51, 0.017, 0.0]])",1,0.9651111111111111,"deque([[4.6, -91.02, 0.017, 1.0], [4.31, -85.71, 0.017, 0.0]])",False
"deque([[0.2, -3.93, 0.017, 0.0], [0.16, -3.14, 0.017, 0.0]])",1,0.9563333333333334,"deque([[4.6, -91.02, 0.017, 1.0], [4.31, -85.71, 0.017, 0.0]])",False
"deque([[0.25, -4.89, 0.017, 0.0], [0.2, -3.93, 0.017, 0.0]])",1,0.9456666666666667,"deque([[4.6, -91.02, 0.017, 1.0], [4.31, -85.71, 0.017, 0.0]])",False
"deque([[0.3, -6.0, 0.017, 0.0], [0.25, -4.89, 0.017, 0.0]])",1,0.9333333333333333,"deque([[4.6, -91.02, 0.017, 1.0], [4.31, -85.71, 0.017, 0.0]])",False
"deque([[0.3, -6.0, 0.017, 0.0], [0.3, -6.0, 0.017, 0.0]])",1,0.9333333333333333,"deque([[4.6, -91.02, 0.017, 1.0], [4.31, -85.71, 0.017, 0.0]])",False
"deque([[0.38, -7.44, 0.017, 0.0], [0.3, -6.0, 0.017, 0.0]])",1,0.9173333333333333,"deque([[4.6, -91.02, 0.017, 1.0], [4.31, -85.71, 0.017, 0.0]])",False
"deque([[0.46, -9.04, 0.017, 0.0], [0.38, -7.44, 0.017, 0.0]])",1,0.8995555555555556,"deque([[4.6, -91.02, 0.017, 1.0], [4.31, -85.71, 0.017, 0.0]])",False
"deque([[0.54, -10.8, 0.017, 0.0], [0.46, -9.04, 0.017, 0.0]])",1,0.88,"deque([[4.6, -91.02, 0.017, 1.0], [4.31, -85.71, 0.017, 0.0]])",False
"deque([[0.64, -12.73, 0.017, 0.0], [0.54, -10.8, 0.017, 0.0]])",1,0.8585555555555555,"deque([[4.6, -91.02, 0.017, 1.0], [4.31, -85.71, 0.017, 0.0]])",False
"deque([[0.74, -14.83, 0.017, 0.0], [0.64, -12.73, 0.017, 0.0]])",1,0.8352222222222222,"deque([[4.6, -91.02, 0.017, 1.0], [4.31, -85.71, 0.017, 0.0]])",False
"deque([[0.74, -14.83, 0.017, 0.0], [0.74, -14.83, 0.017, 0.0]])",1,0.8352222222222222,"deque([[4.6, -91.02, 0.017, 1.0], [4.31, -85.71, 0.017, 0.0]])",False
"deque([[0.86, -17.24, 0.017, 0.0], [0.74, -14.83, 0.017, 0.0]])",1,0.8084444444444445,"deque([[4.6, -91.02, 0.017, 1.0], [4.31, -85.71, 0.017, 0.0]])",False
"deque([[0.99, -19.83, 0.017, 0.0], [0.86, -17.24, 0.017, 0.0]])",1,0.7796666666666667,"deque([[4.6, -91.02, 0.017, 1.0], [4.31, -85.71, 0.017, 0.0]])",False
"deque([[1.13, -22.58, 0.017, 0.0], [0.99, -19.83, 0.017, 0.0]])",1,0.7491111111111111,"deque([[4.6, -91.02, 0.017, 1.0], [4.31, -85.71, 0.017, 0.0]])",False
"deque([[1.27, -25.51, 0.017, 0.0], [1.13, -22.58, 0.017, 0.0]])",1,0.7165555555555556,"deque([[4.6, -91.02, 0.017, 1.0], [4.31, -85.71, 0.017, 0.0]])",False
"deque([[1.42, -28.61, 0.017, 0.0], [1.27, -25.51, 0.017, 0.0]])",1,0.6821111111111111,"deque([[4.6, -91.02, 0.017, 1.0], [4.31, -85.71, 0.017, 0.0]])",False
"deque([[1.42, -28.61, 0.017, 0.0], [1.42, -28.61, 0.017, 0.0]])",1,0.6821111111111111,"deque([[4.6, -91.02, 0.017, 1.0], [4.31, -85.71, 0.017, 0.0]])",False
"deque([[1.59, -32.02, 0.017, 0.0], [1.42, -28.61, 0.017, 0.0]])",1,0.6442222222222223,"deque([[4.6, -91.02, 0.017, 1.0], [4.31, -85.71, 0.017, 0.0]])",False
"deque([[1.77, -35.59, 0.017, 0.0], [1.59, -32.02, 0.017, 0.0]])",1,0.6045555555555555,"deque([[4.6, -91.02, 0.017, 1.0], [4.31, -85.71, 0.017, 0.0]])",False
"deque([[1.95, -39.33, 0.017, 0.0], [1.77, -35.59, 0.017, 0.0]])",1,0.563,"deque([[4.6, -91.02, 0.017, 1.0], [4.31, -85.71, 0.017, 0.0]])",False
"deque([[2.14, -43.23, 0.017, 0.0], [1.95, -39.33, 0.017, 0.0]])",1,0.5196666666666667,"deque([[4.6, -91.02, 0.017, 1.0], [4.31, -85.71, 0.017, 0.0]])",False
"deque([[2.34, -47.29, 0.017, 0.0], [2.14, -43.23, 0.017, 0.0]])",1,0.4745555555555556,"deque([[4.6, -91.02, 0.017, 1.0], [4.31, -85.71, 0.017, 0.0]])",False
"deque([[2.34, -47.29, 0.017, 0.0], [2.34, -47.29, 0.017, 0.0]])",1,0.4745555555555556,"deque([[4.6, -91.02, 0.017, 1.0], [4.31, -85.71, 0.017, 0.0]])",False
"deque([[2.56, -51.62, 0.017, 0.0], [2.34, -47.29, 0.017, 0.0]])",1,0.4264444444444445,"deque([[4.6, -91.02, 0.017, 1.0], [4.31, -85.71, 0.017, 0.0]])",False
"deque([[2.78, -56.09, 0.017, 0.0], [2.56, -51.62, 0.017, 0.0]])",1,0.37677777777777777,"deque([[4.6, -91.02, 0.017, 1.0], [4.31, -85.71, 0.017, 0.0]])",False
"deque([[3.02, -60.71, 0.017, 0.0], [2.78, -56.09, 0.017, 0.0]])",1,0.3254444444444444,"deque([[4.6, -91.02, 0.017, 1.0], [4.31, -85.71, 0.017, 0.0]])",False
"deque([[3.26, -65.46, 0.017, 0.0], [3.02, -60.71, 0.017, 0.0]])",1,0.2726666666666667,"deque([[4.6, -91.02, 0.017, 1.0], [4.31, -85.71, 0.017, 0.0]])",False
"deque([[3.5, -70.34, 0.017, 0.0], [3.26, -65.46, 0.017, 0.0]])",1,0.21844444444444444,"deque([[4.6, -91.02, 0.017, 1.0], [4.31, -85.71, 0.017, 0.0]])",False
"deque([[3.76, -75.34, 0.017, 0.0], [3.5, -70.34, 0.017, 0.0]])",1,0.16288888888888886,"deque([[4.6, -91.02, 0.017, 1.0], [4.31, -85.71, 0.017, 0.0]])",False
"deque([[3.76, -75.34, 0.017, 0.0], [3.76, -75.34, 0.017, 0.0]])",1,0.16288888888888886,"deque([[4.6, -91.02, 0.017, 1.0], [4.31, -85.71, 0.017, 0.0]])",False
"deque([[4.03, -80.48, 0.017, 0.0], [3.76, -75.34, 0.017, 0.0]])",1,0.10577777777777775,"deque([[4.6, -91.02, 0.017, 1.0], [4.31, -85.71, 0.017, 0.0]])",False
"deque([[4.31, -85.71, 0.017, 0.0], [4.03, -80.48, 0.017, 0.0]])",1,0.047666666666666746,"deque([[4.6, -91.02, 0.017, 1.0], [4.31, -85.71, 0.017, 0.0]])",False
"deque([[4.6, -91.02, 0.017, 1.0], [4.31, -85.71, 0.017, 0.0]])",1,-0.011333333333333195,"deque([[4.6, -91.02, 0.017, 1.0], [4.31, -85.71, 0.017, 0.0]])",True
